<?xml version="1.0" encoding="UTF-8"?>
<project-private xmlns="http://www.netbeans.org/ns/project-private/1">
    <editor-bookmarks xmlns="http://www.netbeans.org/ns/editor-bookmarks/2" lastBookmarkId="0"/>
    <open-files xmlns="http://www.netbeans.org/ns/projectui-open-files/2">
        <group>
            <file>file:/C:/Users/cyber/Documents/NetBeansProjects/LinkedList_Custom/src/linkedlist_custom/NewMain.java</file>
            <file>file:/C:/Users/cyber/Documents/NetBeansProjects/LinkedList_Custom/src/linkedlist_custom/node.java</file>
            <file>file:/C:/Users/cyber/Documents/NetBeansProjects/LinkedList_Custom/src/linkedlist_custom/LinkedList_Custom.java</file>
        </group>
    </open-files>
</project-private>
